Department,Total Students,Average Attendance,Highest Attendance,Lowest Attendance
AI,12,95.25,99,92
CE,12,69.16666666666667,85,60
CSE,13,86.53846153846153,95,80
IT,13,81.23076923076923,91,72
