Department,Average Marks,Average Attendance,Student Count
AI,92.77083333333333,95.25,12
CE,53.416666666666664,69.16666666666667,12
CSE,78.8076923076923,86.53846153846153,13
IT,71.17307692307692,81.23076923076923,13
